,Michael Jackson,Clint Black,Dropdead,Anti-Cimex,Cardi B,F1,F2
Alfred,3.0,4.0,,4.0,4.0,3.8209560521584285,3.395762185225984
Mandy,,9.0,,3.0,8.0,3.710347290248839,7.006196610731771
Lenny,2.0,5.0,8.0,9.0,,7.113262668529761,3.952501653821091
Joan,3.0,,9.0,4.0,9.0,5.240167491810222,10.03575897177868
Tino,1.0,1.0,,9.0,5.0,5.863280142556007,2.1974815364836844
